Frame,Opponent x,Opponent y,AI x,AI y,Opponent Facing,AI Facing,Opponent Action,AI Action,Opponent Action Frame,AI Action Frame,Opponent Jumps Left,AI Jumps Left,Opponent Stock,AI Stock,Opponent Percent,AI Percent,Buttons Pressed,Notes,Frame Process Time
-123,42.0,28.0,-42.0,26.6,False,True,Action.ENTRY,Action.ENTRY,-1,-1,1,1,4,4,0.0,0.0,Empty InputEmpty InputEmpty InputEmpty Input,,
-122,42.0,28.0,-42.0,26.6,False,True,Action.ENTRY,Action.ENTRY,-1,-1,1,1,4,4,0.0,0.0,Empty InputEmpty Input,,
-121,42.0,28.0,-42.0,26.6,False,True,Action.ENTRY,Action.ENTRY,-1,-1,1,1,4,4,0.0,0.0,Empty InputEmpty Input,,
-120,42.0,28.0,-42.0,26.6,False,True,Action.ENTRY,Action.ENTRY,-1,-1,1,1,4,4,0.0,0.0,Empty InputEmpty Input,,
-119,42.0,28.0,-42.0,26.6,False,True,Action.ENTRY,Action.ENTRY,-1,-1,1,1,4,4,0.0,0.0,Empty InputEmpty Input,,
-118,42.0,28.0,-42.0,26.64492,False,True,Action.ENTRY,Action.ENTRY_START,-1,1,1,1,4,4,0.0,0.0,Empty InputEmpty Input,,
-117,42.0,28.0,-42.0,26.68984,False,True,Action.ENTRY,Action.ENTRY_START,-1,2,1,1,4,4,0.0,0.0,Empty InputEmpty Input,,
-116,42.0,28.0,-42.0,26.734762,False,True,Action.ENTRY,Action.ENTRY_START,-1,3,1,1,4,4,0.0,0.0,Empty InputEmpty Input,,
-115,42.0,28.0,-42.0,26.779682,False,True,Action.ENTRY,Action.ENTRY_START,-1,4,1,1,4,4,0.0,0.0,Empty InputEmpty Input,,
-114,42.0,28.0,-42.0,26.824602,False,True,Action.ENTRY,Action.ENTRY_START,-1,5,1,1,4,4,0.0,0.0,Empty InputEmpty Input,,
-113,42.0,28.044922,-42.0,26.869522,False,True,Action.ENTRY_START,Action.ENTRY_START,1,6,1,1,4,4,0.0,0.0,Empty InputEmpty Input,,
-112,42.0,28.08984,-42.0,26.914442,False,True,Action.ENTRY_START,Action.ENTRY_START,2,7,1,1,4,4,0.0,0.0,Empty InputEmpty Input,,
-111,42.0,28.134762,-42.0,26.959364,False,True,Action.ENTRY_START,Action.ENTRY_START,3,8,1,1,4,4,0.0,0.0,Empty InputEmpty Input,,
-110,42.0,28.179682,-42.0,27.004284,False,True,Action.ENTRY_START,Action.ENTRY_START,4,9,1,1,4,4,0.0,0.0,Empty InputEmpty Input,,
-109,42.0,28.224602,-42.0,27.049204,False,True,Action.ENTRY_START,Action.ENTRY_START,5,10,1,1,4,4,0.0,0.0,Empty InputEmpty Input,,
-108,42.0,28.269522,-42.0,27.094124,False,True,Action.ENTRY_START,Action.ENTRY_START,6,11,1,1,4,4,0.0,0.0,Empty InputEmpty Input,,
-107,42.0,28.314442,-42.0,27.139044,False,True,Action.ENTRY_START,Action.ENTRY_START,7,11,1,1,4,4,0.0,0.0,Empty InputEmpty Input,,
-106,42.0,28.359364,-42.0,27.183966,False,True,Action.ENTRY_START,Action.ENTRY_START,8,11,1,1,4,4,0.0,0.0,Empty InputEmpty Input,,
-105,42.0,28.404284,-42.0,27.228886,False,True,Action.ENTRY_START,Action.ENTRY_START,9,11,1,1,4,4,0.0,0.0,Empty InputEmpty Input,,
-104,42.0,28.449203,-42.0,27.273806,False,True,Action.ENTRY_START,Action.ENTRY_START,10,11,1,1,4,4,0.0,0.0,Empty InputEmpty Input,,
-103,42.0,28.494123,-42.0,27.318726,False,True,Action.ENTRY_START,Action.ENTRY_START,11,11,1,1,4,4,0.0,0.0,Empty InputEmpty Input,,
-102,42.0,28.539043,-42.0,27.363646,False,True,Action.ENTRY_START,Action.ENTRY_START,11,11,1,1,4,4,0.0,0.0,Empty InputEmpty Input,,
-101,42.0,28.583965,-42.0,27.408567,False,True,Action.ENTRY_START,Action.ENTRY_START,11,11,1,1,4,4,0.0,0.0,Empty InputEmpty Input,,
-100,42.0,28.628885,-42.0,27.453487,False,True,Action.ENTRY_START,Action.ENTRY_START,11,11,1,1,4,4,0.0,0.0,Empty InputEmpty Input,,
-99,42.0,28.673805,-42.0,27.498407,False,True,Action.ENTRY_START,Action.ENTRY_START,11,11,1,1,4,4,0.0,0.0,Empty InputEmpty Input,,
-98,42.0,28.718725,-42.0,27.543327,False,True,Action.ENTRY_START,Action.ENTRY_START,11,11,1,1,4,4,0.0,0.0,Empty InputEmpty Input,,
-97,42.0,28.763645,-42.0,27.588247,False,True,Action.ENTRY_START,Action.ENTRY_START,11,11,1,1,4,4,0.0,0.0,Empty InputEmpty Input,,
-96,42.0,28.808567,-42.0,27.63317,False,True,Action.ENTRY_START,Action.ENTRY_START,11,11,1,1,4,4,0.0,0.0,Empty InputEmpty Input,,
-95,42.0,28.853487,-42.0,27.67809,False,True,Action.ENTRY_START,Action.ENTRY_START,11,11,1,1,4,4,0.0,0.0,Empty InputEmpty Input,,
-94,42.0,28.898407,-42.0,27.72301,False,True,Action.ENTRY_START,Action.ENTRY_START,11,11,1,1,4,4,0.0,0.0,Empty InputEmpty Input,,
-93,42.0,28.943327,-42.0,27.76793,False,True,Action.ENTRY_START,Action.ENTRY_START,11,11,1,1,4,4,0.0,0.0,Empty InputEmpty Input,,
-92,42.0,28.988247,-42.0,27.812849,False,True,Action.ENTRY_START,Action.ENTRY_START,11,11,1,1,4,4,0.0,0.0,Empty InputEmpty Input,,
-91,42.0,29.033169,-42.0,27.85777,False,True,Action.ENTRY_START,Action.ENTRY_START,11,11,1,1,4,4,0.0,0.0,Empty InputEmpty Input,,
-90,42.0,29.078089,-42.0,27.90269,False,True,Action.ENTRY_START,Action.ENTRY_START,11,11,1,1,4,4,0.0,0.0,Empty InputEmpty Input,,
-89,42.0,29.123009,-42.0,27.94761,False,True,Action.ENTRY_START,Action.ENTRY_END,11,-1,1,1,4,4,0.0,0.0,Empty InputEmpty Input,,
-88,42.0,29.167929,-42.0,27.90269,False,True,Action.ENTRY_START,Action.ENTRY_END,11,-1,1,1,4,4,0.0,0.0,Empty InputEmpty Input,,
-87,42.0,29.212849,-42.0,27.85777,False,True,Action.ENTRY_START,Action.ENTRY_END,11,-1,1,1,4,4,0.0,0.0,Empty InputEmpty Input,,
-86,42.0,29.25777,-42.0,27.812849,False,True,Action.ENTRY_START,Action.ENTRY_END,11,-1,1,1,4,4,0.0,0.0,Empty InputEmpty Input,,
-85,42.0,29.30269,-42.0,27.76793,False,True,Action.ENTRY_START,Action.ENTRY_END,11,-1,1,1,4,4,0.0,0.0,Empty InputEmpty Input,,
-84,42.0,29.34761,-42.0,27.72301,False,True,Action.ENTRY_END,Action.ENTRY_END,-1,-1,1,1,4,4,0.0,0.0,Empty InputEmpty Input,,
-83,42.0,29.30269,-42.0,27.67809,False,True,Action.ENTRY_END,Action.ENTRY_END,-1,-1,1,1,4,4,0.0,0.0,Empty InputEmpty Input,,
-82,42.0,29.25777,-42.0,27.63317,False,True,Action.ENTRY_END,Action.ENTRY_END,-1,-1,1,1,4,4,0.0,0.0,Empty InputEmpty Input,,
-81,42.0,29.212849,-42.0,27.588247,False,True,Action.ENTRY_END,Action.ENTRY_END,-1,-1,1,1,4,4,0.0,0.0,Empty InputEmpty Input,,
-80,42.0,29.167929,-42.0,27.543327,False,True,Action.ENTRY_END,Action.ENTRY_END,-1,-1,1,1,4,4,0.0,0.0,Empty InputEmpty Input,,
-79,42.0,29.123009,-42.0,27.498407,False,True,Action.ENTRY_END,Action.ENTRY_END,-1,-1,1,1,4,4,0.0,0.0,Empty InputEmpty Input,,
-78,42.0,29.078089,-42.0,27.453487,False,True,Action.ENTRY_END,Action.ENTRY_END,-1,-1,1,1,4,4,0.0,0.0,Empty InputEmpty Input,,
-77,42.0,29.033169,-42.0,27.408567,False,True,Action.ENTRY_END,Action.ENTRY_END,-1,-1,1,1,4,4,0.0,0.0,Empty InputEmpty Input,,
-76,42.0,28.988247,-42.0,27.363646,False,True,Action.ENTRY_END,Action.ENTRY_END,-1,-1,1,1,4,4,0.0,0.0,Empty InputEmpty Input,,
-75,42.0,28.943327,-42.0,27.318726,False,True,Action.ENTRY_END,Action.ENTRY_END,-1,-1,1,1,4,4,0.0,0.0,Empty InputEmpty Input,,
-74,42.0,28.898407,-42.0,27.273806,False,True,Action.ENTRY_END,Action.ENTRY_END,-1,-1,1,1,4,4,0.0,0.0,Empty InputEmpty Input,,
-73,42.0,28.853487,-42.0,27.228886,False,True,Action.ENTRY_END,Action.ENTRY_END,-1,-1,1,1,4,4,0.0,0.0,Empty InputEmpty Input,,
-72,42.0,28.808567,-42.0,27.183966,False,True,Action.ENTRY_END,Action.ENTRY_END,-1,-1,1,1,4,4,0.0,0.0,Empty InputEmpty Input,,
-71,42.0,28.763645,-42.0,27.139044,False,True,Action.ENTRY_END,Action.ENTRY_END,-1,-1,1,1,4,4,0.0,0.0,Empty InputEmpty Input,,
-70,42.0,28.718725,-42.0,27.094124,False,True,Action.ENTRY_END,Action.ENTRY_END,-1,-1,1,1,4,4,0.0,0.0,Empty InputEmpty Input,,
-69,42.0,28.673805,-42.0,27.049204,False,True,Action.ENTRY_END,Action.ENTRY_END,-1,-1,1,1,4,4,0.0,0.0,Empty InputEmpty Input,,
-68,42.0,28.628885,-42.0,27.004284,False,True,Action.ENTRY_END,Action.ENTRY_END,-1,-1,1,1,4,4,0.0,0.0,Empty InputEmpty Input,,
-67,42.0,28.583965,-42.0,26.959364,False,True,Action.ENTRY_END,Action.ENTRY_END,-1,-1,1,1,4,4,0.0,0.0,Empty InputEmpty Input,,
-66,42.0,28.539043,-42.0,26.914442,False,True,Action.ENTRY_END,Action.ENTRY_END,-1,-1,1,1,4,4,0.0,0.0,Empty InputEmpty Input,,
-65,42.0,28.494123,-42.0,26.869522,False,True,Action.ENTRY_END,Action.ENTRY_END,-1,-1,1,1,4,4,0.0,0.0,Empty InputEmpty Input,,
-64,42.0,28.449203,-42.0,26.824602,False,True,Action.ENTRY_END,Action.ENTRY_END,-1,-1,1,1,4,4,0.0,0.0,Empty InputEmpty Input,,
-63,42.0,28.404284,-42.0,26.779682,False,True,Action.ENTRY_END,Action.ENTRY_END,-1,-1,1,1,4,4,0.0,0.0,Empty InputEmpty Input,,
-62,42.0,28.359364,-42.0,26.734762,False,True,Action.ENTRY_END,Action.ENTRY_END,-1,-1,1,1,4,4,0.0,0.0,Empty InputEmpty Input,,
-61,42.0,28.314442,-42.0,26.68984,False,True,Action.ENTRY_END,Action.ENTRY_END,-1,-1,1,1,4,4,0.0,0.0,Empty InputEmpty Input,,
-60,42.0,28.269522,-42.0,26.64492,False,True,Action.ENTRY_END,Action.ENTRY_END,-1,-1,1,1,4,4,0.0,0.0,Empty InputEmpty Input,,
-59,42.0,28.224602,-42.0,26.41492,False,True,Action.ENTRY_END,Action.FALLING,-1,1,1,1,4,4,0.0,0.0,Empty InputEmpty Input,,
-58,42.0,28.179682,-42.0,25.954922,False,True,Action.ENTRY_END,Action.FALLING,-1,2,1,1,4,4,0.0,0.0,Empty InputEmpty Input,,
-57,42.0,28.134762,-42.0,25.264921,False,True,Action.ENTRY_END,Action.FALLING,-1,3,1,1,4,4,0.0,0.0,Empty InputEmpty Input,,
-56,42.0,28.08984,-42.0,24.344921,False,True,Action.ENTRY_END,Action.FALLING,-1,4,1,1,4,4,0.0,0.0,Empty InputEmpty Input,,
-55,42.0,28.04492,-42.0,23.194921,False,True,Action.ENTRY_END,Action.FALLING,-1,5,1,1,4,4,0.0,0.0,Empty InputEmpty Input,,
-54,42.0,27.81492,-42.0,21.814922,False,True,Action.FALLING,Action.FALLING,1,6,1,1,4,4,0.0,0.0,Empty InputEmpty Input,,
-53,42.0,27.354921,-42.0,20.204922,False,True,Action.FALLING,Action.FALLING,2,7,1,1,4,4,0.0,0.0,Empty InputEmpty Input,,
-52,42.0,26.66492,-42.0,23.4501,False,True,Action.FALLING,Action.LANDING,3,1,1,2,4,4,0.0,0.0,Empty InputEmpty Input,,
-51,42.0,25.74492,-42.0,23.450098,False,True,Action.FALLING,Action.LANDING,4,2,1,2,4,4,0.0,0.0,Empty InputEmpty Input,,
-50,42.0,24.594921,-42.0,23.450098,False,True,Action.FALLING,Action.LANDING,5,3,1,2,4,4,0.0,0.0,Empty InputEmpty Input,,
-49,42.0,23.214922,-42.0,23.450098,False,True,Action.FALLING,Action.LANDING,6,4,1,2,4,4,0.0,0.0,Empty InputEmpty Input,,
-48,42.0,21.604921,-42.0,23.450098,False,True,Action.FALLING,Action.LANDING,7,5,1,2,4,4,0.0,0.0,Empty InputEmpty Input,,
-47,42.0,19.764921,-42.0,23.450098,False,True,Action.FALLING,Action.LANDING,8,6,1,2,4,4,0.0,0.0,Empty InputEmpty Input,,
-46,42.0,23.4501,-42.0,23.450098,False,True,Action.LANDING,Action.LANDING,1,7,2,2,4,4,0.0,0.0,Empty InputEmpty Input,,
-45,42.0,23.450098,-42.0,23.450098,False,True,Action.LANDING,Action.LANDING,2,8,2,2,4,4,0.0,0.0,Empty InputEmpty Input,,
-44,42.0,23.450098,-42.0,23.450098,False,True,Action.LANDING,Action.LANDING,3,9,2,2,4,4,0.0,0.0,Empty InputEmpty Input,,
-43,42.0,23.450098,-42.0,23.450098,False,True,Action.LANDING,Action.LANDING,4,10,2,2,4,4,0.0,0.0,Empty InputEmpty Input,,
-42,42.0,23.450098,-42.0,23.450098,False,True,Action.LANDING,Action.LANDING,5,11,2,2,4,4,0.0,0.0,Empty InputEmpty Input,,
-41,42.0,23.450098,-42.0,23.450098,False,True,Action.LANDING,Action.LANDING,6,12,2,2,4,4,0.0,0.0,Empty InputEmpty Input,,
-40,42.0,23.450098,-42.0,23.450098,False,True,Action.LANDING,Action.LANDING,7,13,2,2,4,4,0.0,0.0,Empty InputEmpty Input,,
-39,42.0,23.450098,-42.0,23.450098,False,True,Action.LANDING,Action.LANDING,8,14,2,2,4,4,0.0,0.0,Empty InputEmpty Input,,
-38,42.0,23.450098,-42.0,23.450098,False,True,Action.LANDING,Action.LANDING,9,15,2,2,4,4,0.0,0.0,Empty InputEmpty Input,,
-37,42.0,23.450098,-42.0,23.450098,False,True,Action.LANDING,Action.LANDING,10,16,2,2,4,4,0.0,0.0,Empty InputEmpty Input,,
-36,42.0,23.450098,-42.0,23.450098,False,True,Action.LANDING,Action.LANDING,11,17,2,2,4,4,0.0,0.0,Empty InputEmpty Input,,
-35,42.0,23.450098,-42.0,23.450098,False,True,Action.LANDING,Action.LANDING,12,18,2,2,4,4,0.0,0.0,Empty InputEmpty Input,,
-34,42.0,23.450098,-42.0,23.450098,False,True,Action.LANDING,Action.LANDING,13,19,2,2,4,4,0.0,0.0,Empty InputEmpty Input,,
-33,42.0,23.450098,-42.0,23.450098,False,True,Action.LANDING,Action.LANDING,14,20,2,2,4,4,0.0,0.0,Empty InputEmpty Input,,
-32,42.0,23.450098,-42.0,23.450098,False,True,Action.LANDING,Action.LANDING,15,21,2,2,4,4,0.0,0.0,Empty InputEmpty Input,,
-31,42.0,23.450098,-42.0,23.450098,False,True,Action.LANDING,Action.LANDING,16,22,2,2,4,4,0.0,0.0,Empty InputEmpty Input,,
-30,42.0,23.450098,-42.0,23.450098,False,True,Action.LANDING,Action.LANDING,17,23,2,2,4,4,0.0,0.0,Empty InputEmpty Input,,
-29,42.0,23.450098,-42.0,23.450098,False,True,Action.LANDING,Action.LANDING,18,24,2,2,4,4,0.0,0.0,Empty InputEmpty Input,,
-28,42.0,23.450098,-42.0,23.450098,False,True,Action.LANDING,Action.LANDING,19,25,2,2,4,4,0.0,0.0,Empty InputEmpty Input,,
-27,42.0,23.450098,-42.0,23.450098,False,True,Action.LANDING,Action.LANDING,20,26,2,2,4,4,0.0,0.0,Empty InputEmpty Input,,
-26,42.0,23.450098,-42.0,23.450098,False,True,Action.LANDING,Action.LANDING,21,27,2,2,4,4,0.0,0.0,Empty InputEmpty Input,,
-25,42.0,23.450098,-42.0,23.450098,False,True,Action.LANDING,Action.LANDING,22,28,2,2,4,4,0.0,0.0,Empty InputEmpty Input,,
-24,42.0,23.450098,-42.0,23.450098,False,True,Action.LANDING,Action.LANDING,23,29,2,2,4,4,0.0,0.0,Empty InputEmpty Input,,
-23,42.0,23.450098,-42.0,23.450098,False,True,Action.LANDING,Action.LANDING,24,30,2,2,4,4,0.0,0.0,Empty InputEmpty Input,,
-22,42.0,23.450098,-42.0,23.450098,False,True,Action.LANDING,Action.STANDING,25,1,2,2,4,4,0.0,0.0,"PRESS B
SET MAIN 0.5003937007874015 0.1854330708661417
Empty Input",,
-21,42.0,23.450098,-42.0,23.450098,False,True,Action.LANDING,Action.DOWN_B_GROUND_START,26,1,2,2,4,4,0.0,0.0,Empty InputEmpty Input,,
-20,42.0,23.450098,-42.0,23.450098,False,True,Action.LANDING,Action.DOWN_B_GROUND_START,27,2,2,2,4,4,0.0,0.0,Empty InputEmpty Input,,
-19,42.0,23.450098,-42.0,23.450098,False,True,Action.LANDING,Action.DOWN_B_GROUND_START,28,3,2,2,4,4,0.0,0.0,Empty InputEmpty Input,,
-18,42.0,23.450098,-42.0,23.450098,False,True,Action.LANDING,Action.DOWN_B_GROUND,29,1,2,2,4,4,0.0,0.0,"PRESS Y
Empty Input",,
-17,42.0,23.450098,-42.0,23.450098,False,True,Action.LANDING,Action.KNEE_BEND,30,1,2,2,4,4,0.0,0.0,Empty InputEmpty Input,,
-16,42.0,23.450098,-42.0,23.450098,False,True,Action.STANDING,Action.KNEE_BEND,1,2,2,2,4,4,0.0,0.0,"Empty InputPRESS B
SET MAIN 0.5003937007874015 0.1854330708661417
",,
-15,42.0,23.450098,-42.0,23.450098,False,True,Action.DOWN_B_GROUND_START,Action.KNEE_BEND,1,3,2,2,4,4,0.0,0.0,"PRESS B
SET MAIN 0.5003937007874015 0.1854330708661417
Empty Input",,
-14,42.0,23.450098,-42.0,23.450098,False,True,Action.DOWN_B_GROUND_START,Action.DOWN_B_STUN,2,1,2,1,4,4,0.0,0.0,Empty InputEmpty Input,,
-13,42.0,23.450098,-42.0,23.450098,False,True,Action.DOWN_B_GROUND_START,Action.DOWN_B_STUN,3,2,2,1,4,4,0.0,0.0,Empty InputEmpty Input,,
-12,42.0,23.450098,-42.0,23.450098,False,True,Action.DOWN_B_GROUND,Action.DOWN_B_STUN,1,3,2,1,4,4,0.0,0.0,"Empty InputPRESS Y
",,
-11,42.0,23.450098,-42.0,23.450098,False,True,Action.KNEE_BEND,Action.DOWN_B_AIR,1,1,2,1,4,4,0.0,0.0,Empty InputEmpty Input,,
-10,42.0,23.450098,-42.0,23.450098,False,True,Action.KNEE_BEND,Action.DOWN_B_GROUND,2,2,2,2,4,4,0.0,0.0,"PRESS Y
Empty Input",,
-9,42.0,23.450098,-42.0,23.450098,False,True,Action.KNEE_BEND,Action.KNEE_BEND,3,1,2,2,4,4,0.0,0.0,"Empty InputPRESS B
SET MAIN 0.5003937007874015 0.1854330708661417
",,
-8,42.0,23.450098,-42.0,23.450098,False,True,Action.DOWN_B_STUN,Action.KNEE_BEND,1,2,1,2,4,4,0.0,0.0,Empty InputEmpty Input,,
-7,42.0,23.450098,-42.0,23.450098,False,True,Action.DOWN_B_STUN,Action.KNEE_BEND,2,3,1,2,4,4,0.0,0.0,"PRESS B
SET MAIN 0.5003937007874015 0.1854330708661417
Empty Input",,
-6,42.0,23.450098,-42.0,23.450098,False,True,Action.DOWN_B_STUN,Action.DOWN_B_STUN,3,1,1,1,4,4,0.0,0.0,Empty InputEmpty Input,,
-5,42.0,23.450098,-42.0,23.450098,False,True,Action.DOWN_B_AIR,Action.DOWN_B_STUN,1,2,1,1,4,4,0.0,0.0,Empty InputEmpty Input,,
-4,42.0,23.450098,-42.0,23.450098,False,True,Action.DOWN_B_GROUND,Action.DOWN_B_STUN,2,3,2,1,4,4,0.0,0.0,"Empty InputPRESS Y
",,
-3,42.0,23.450098,-42.0,23.450098,False,True,Action.KNEE_BEND,Action.DOWN_B_AIR,1,1,2,1,4,4,0.0,0.0,Empty InputEmpty Input,,
-2,42.0,23.450098,-42.0,23.450098,False,True,Action.KNEE_BEND,Action.DOWN_B_GROUND,2,2,2,2,4,4,0.0,0.0,"PRESS Y
Empty Input",,
-1,42.0,23.450098,-42.0,23.450098,False,True,Action.KNEE_BEND,Action.KNEE_BEND,3,1,2,2,4,4,0.0,0.0,"Empty InputPRESS B
SET MAIN 0.5003937007874015 0.1854330708661417
",,
0,42.0,23.450098,-42.0,23.450098,False,True,Action.DOWN_B_STUN,Action.KNEE_BEND,1,2,1,2,4,4,0.0,0.0,Empty InputEmpty Input,,
1,42.0,23.450098,-42.0,23.450098,False,True,Action.DOWN_B_STUN,Action.KNEE_BEND,2,3,1,2,4,4,0.0,0.0,"PRESS B
SET MAIN 0.5003937007874015 0.1854330708661417
Empty Input",,
2,42.0,23.450098,-42.0,23.450098,False,True,Action.DOWN_B_STUN,Action.DOWN_B_STUN,3,1,1,1,4,4,0.0,0.0,Empty InputEmpty Input,,
3,42.0,23.450098,-42.0,23.450098,False,True,Action.DOWN_B_AIR,Action.DOWN_B_STUN,1,2,1,1,4,4,0.0,0.0,Empty InputEmpty Input,,
4,42.0,23.450098,-42.0,23.450098,False,True,Action.DOWN_B_GROUND,Action.DOWN_B_STUN,2,3,2,1,4,4,0.0,0.0,"Empty InputPRESS Y
",,
5,42.0,23.450098,-42.0,23.450098,False,True,Action.KNEE_BEND,Action.DOWN_B_AIR,1,1,2,1,4,4,0.0,0.0,Empty InputEmpty Input,,
6,42.0,23.450098,-42.0,23.450098,False,True,Action.KNEE_BEND,Action.DOWN_B_GROUND,2,2,2,2,4,4,0.0,0.0,"PRESS Y
Empty Input",,
7,42.0,23.450098,-42.0,23.450098,False,True,Action.KNEE_BEND,Action.KNEE_BEND,3,1,2,2,4,4,0.0,0.0,"Empty InputPRESS B
SET MAIN 0.5003937007874015 0.1854330708661417
",,
8,42.0,23.450098,-42.0,23.450098,False,True,Action.DOWN_B_STUN,Action.KNEE_BEND,1,2,1,2,4,4,0.0,0.0,Empty InputEmpty Input,,
9,42.0,23.450098,-42.0,23.450098,False,True,Action.DOWN_B_STUN,Action.KNEE_BEND,2,3,1,2,4,4,0.0,0.0,"PRESS B
SET MAIN 0.5003937007874015 0.1854330708661417
Empty Input",,
10,42.0,23.450098,-42.0,23.450098,False,True,Action.DOWN_B_STUN,Action.DOWN_B_STUN,3,1,1,1,4,4,0.0,0.0,Empty InputEmpty Input,,
11,42.0,23.450098,-42.0,23.450098,False,True,Action.DOWN_B_AIR,Action.DOWN_B_STUN,1,2,1,1,4,4,0.0,0.0,Empty InputEmpty Input,,
12,42.0,23.450098,-42.0,23.450098,False,True,Action.DOWN_B_GROUND,Action.DOWN_B_STUN,2,3,2,1,4,4,0.0,0.0,"Empty InputPRESS Y
",,
13,42.0,23.450098,-42.0,23.450098,False,True,Action.KNEE_BEND,Action.DOWN_B_AIR,1,1,2,1,4,4,0.0,0.0,Empty InputEmpty Input,,
14,42.0,23.450098,-42.0,23.450098,False,True,Action.KNEE_BEND,Action.DOWN_B_GROUND,2,2,2,2,4,4,0.0,0.0,"PRESS Y
Empty Input",,
15,42.0,23.450098,-42.0,23.450098,False,True,Action.KNEE_BEND,Action.KNEE_BEND,3,1,2,2,4,4,0.0,0.0,"Empty InputPRESS B
SET MAIN 0.5003937007874015 0.1854330708661417
",,
16,42.0,23.450098,-42.0,23.450098,False,True,Action.DOWN_B_STUN,Action.KNEE_BEND,1,2,1,2,4,4,0.0,0.0,Empty InputEmpty Input,,
17,42.0,23.450098,-42.0,23.450098,False,True,Action.DOWN_B_STUN,Action.KNEE_BEND,2,3,1,2,4,4,0.0,0.0,"PRESS B
SET MAIN 0.5003937007874015 0.1854330708661417
Empty Input",,
18,42.0,23.450098,-42.0,23.450098,False,True,Action.DOWN_B_STUN,Action.DOWN_B_STUN,3,1,1,1,4,4,0.0,0.0,Empty InputEmpty Input,,
19,42.0,23.450098,-42.0,23.450098,False,True,Action.DOWN_B_AIR,Action.DOWN_B_STUN,1,2,1,1,4,4,0.0,0.0,Empty InputEmpty Input,,
20,42.0,23.450098,-42.0,23.450098,False,True,Action.DOWN_B_GROUND,Action.DOWN_B_STUN,2,3,2,1,4,4,0.0,0.0,"Empty InputPRESS Y
",,
21,42.0,23.450098,-42.0,23.450098,False,True,Action.KNEE_BEND,Action.DOWN_B_AIR,1,1,2,1,4,4,0.0,0.0,Empty InputEmpty Input,,
22,42.0,23.450098,-42.0,23.450098,False,True,Action.KNEE_BEND,Action.DOWN_B_GROUND,2,2,2,2,4,4,0.0,0.0,"PRESS Y
Empty Input",,
23,42.0,23.450098,-42.0,23.450098,False,True,Action.KNEE_BEND,Action.KNEE_BEND,3,1,2,2,4,4,0.0,0.0,"Empty InputPRESS B
SET MAIN 0.5003937007874015 0.1854330708661417
",,
24,42.0,23.450098,-42.0,23.450098,False,True,Action.DOWN_B_STUN,Action.KNEE_BEND,1,2,1,2,4,4,0.0,0.0,Empty InputEmpty Input,,
25,42.0,23.450098,-42.0,23.450098,False,True,Action.DOWN_B_STUN,Action.KNEE_BEND,2,3,1,2,4,4,0.0,0.0,"PRESS B
SET MAIN 0.5003937007874015 0.1854330708661417
Empty Input",,
26,42.0,23.450098,-42.0,23.450098,False,True,Action.DOWN_B_STUN,Action.DOWN_B_STUN,3,1,1,1,4,4,0.0,0.0,Empty InputEmpty Input,,
27,42.0,23.450098,-42.0,23.450098,False,True,Action.DOWN_B_AIR,Action.DOWN_B_STUN,1,2,1,1,4,4,0.0,0.0,Empty InputEmpty Input,,
28,42.0,23.450098,-42.0,23.450098,False,True,Action.DOWN_B_GROUND,Action.DOWN_B_STUN,2,3,2,1,4,4,0.0,0.0,"Empty InputPRESS Y
",,
29,42.0,23.450098,-42.0,23.450098,False,True,Action.KNEE_BEND,Action.DOWN_B_AIR,1,1,2,1,4,4,0.0,0.0,Empty InputEmpty Input,,
30,42.0,23.450098,-42.0,23.450098,False,True,Action.KNEE_BEND,Action.DOWN_B_GROUND,2,2,2,2,4,4,0.0,0.0,"PRESS Y
Empty Input",,
31,42.0,23.450098,-42.0,23.450098,False,True,Action.KNEE_BEND,Action.KNEE_BEND,3,1,2,2,4,4,0.0,0.0,"Empty InputPRESS B
SET MAIN 0.5003937007874015 0.1854330708661417
",,
32,42.0,23.450098,-42.0,23.450098,False,True,Action.DOWN_B_STUN,Action.KNEE_BEND,1,2,1,2,4,4,0.0,0.0,Empty InputEmpty Input,,
33,42.0,23.450098,-42.0,23.450098,False,True,Action.DOWN_B_STUN,Action.KNEE_BEND,2,3,1,2,4,4,0.0,0.0,"PRESS B
SET MAIN 0.5003937007874015 0.1854330708661417
Empty Input",,
34,42.0,23.450098,-42.0,23.450098,False,True,Action.DOWN_B_STUN,Action.DOWN_B_STUN,3,1,1,1,4,4,0.0,0.0,Empty InputEmpty Input,,
35,42.0,23.450098,-42.0,23.450098,False,True,Action.DOWN_B_AIR,Action.DOWN_B_STUN,1,2,1,1,4,4,0.0,0.0,Empty InputEmpty Input,,
36,42.0,23.450098,-42.0,23.450098,False,True,Action.DOWN_B_GROUND,Action.DOWN_B_STUN,2,3,2,1,4,4,0.0,0.0,"Empty InputPRESS Y
",,
37,42.0,23.450098,-42.0,23.450098,False,True,Action.KNEE_BEND,Action.DOWN_B_AIR,1,1,2,1,4,4,0.0,0.0,Empty InputEmpty Input,,
38,42.0,23.450098,-42.0,23.450098,False,True,Action.KNEE_BEND,Action.DOWN_B_GROUND,2,2,2,2,4,4,0.0,0.0,"PRESS Y
Empty Input",,
39,42.0,23.450098,-42.0,23.450098,False,True,Action.KNEE_BEND,Action.KNEE_BEND,3,1,2,2,4,4,0.0,0.0,"Empty InputPRESS B
SET MAIN 0.5003937007874015 0.1854330708661417
",,
40,42.0,23.450098,-42.0,23.450098,False,True,Action.DOWN_B_STUN,Action.KNEE_BEND,1,2,1,2,4,4,0.0,0.0,Empty InputEmpty Input,,
41,42.0,23.450098,-42.0,23.450098,False,True,Action.DOWN_B_STUN,Action.KNEE_BEND,2,3,1,2,4,4,0.0,0.0,"PRESS B
SET MAIN 0.5003937007874015 0.1854330708661417
Empty Input",,
42,42.0,23.450098,-42.0,23.450098,False,True,Action.DOWN_B_STUN,Action.DOWN_B_STUN,3,1,1,1,4,4,0.0,0.0,Empty InputEmpty Input,,
43,42.0,23.450098,-42.0,23.450098,False,True,Action.DOWN_B_AIR,Action.DOWN_B_STUN,1,2,1,1,4,4,0.0,0.0,Empty InputEmpty Input,,
44,42.0,23.450098,-42.0,23.450098,False,True,Action.DOWN_B_GROUND,Action.DOWN_B_STUN,2,3,2,1,4,4,0.0,0.0,"Empty InputPRESS Y
",,
45,42.0,23.450098,-42.0,23.450098,False,True,Action.KNEE_BEND,Action.DOWN_B_AIR,1,1,2,1,4,4,0.0,0.0,Empty InputEmpty Input,,
46,42.0,23.450098,-42.0,23.450098,False,True,Action.KNEE_BEND,Action.DOWN_B_GROUND,2,2,2,2,4,4,0.0,0.0,"PRESS Y
Empty Input",,
47,42.0,23.450098,-42.0,23.450098,False,True,Action.KNEE_BEND,Action.KNEE_BEND,3,1,2,2,4,4,0.0,0.0,"Empty InputPRESS B
SET MAIN 0.5003937007874015 0.1854330708661417
",,
48,42.0,23.450098,-42.0,23.450098,False,True,Action.DOWN_B_STUN,Action.KNEE_BEND,1,2,1,2,4,4,0.0,0.0,Empty InputEmpty Input,,
49,42.0,23.450098,-42.0,23.450098,False,True,Action.DOWN_B_STUN,Action.KNEE_BEND,2,3,1,2,4,4,0.0,0.0,"PRESS B
SET MAIN 0.5003937007874015 0.1854330708661417
Empty Input",,
50,42.0,23.450098,-42.0,23.450098,False,True,Action.DOWN_B_STUN,Action.DOWN_B_STUN,3,1,1,1,4,4,0.0,0.0,Empty InputEmpty Input,,
51,42.0,23.450098,-42.0,23.450098,False,True,Action.DOWN_B_AIR,Action.DOWN_B_STUN,1,2,1,1,4,4,0.0,0.0,Empty InputEmpty Input,,
52,42.0,23.450098,-42.0,23.450098,False,True,Action.DOWN_B_GROUND,Action.DOWN_B_STUN,2,3,2,1,4,4,0.0,0.0,"Empty InputPRESS Y
",,
53,42.0,23.450098,-42.0,23.450098,False,True,Action.KNEE_BEND,Action.DOWN_B_AIR,1,1,2,1,4,4,0.0,0.0,Empty InputEmpty Input,,
54,42.0,23.450098,-42.0,23.450098,False,True,Action.KNEE_BEND,Action.DOWN_B_GROUND,2,2,2,2,4,4,0.0,0.0,"PRESS Y
Empty Input",,
55,42.0,23.450098,-42.0,23.450098,False,True,Action.KNEE_BEND,Action.KNEE_BEND,3,1,2,2,4,4,0.0,0.0,"Empty InputPRESS B
SET MAIN 0.5003937007874015 0.1854330708661417
",,
56,42.0,23.450098,-42.0,23.450098,False,True,Action.DOWN_B_STUN,Action.KNEE_BEND,1,2,1,2,4,4,0.0,0.0,Empty InputEmpty Input,,
57,42.0,23.450098,-42.0,23.450098,False,True,Action.DOWN_B_STUN,Action.KNEE_BEND,2,3,1,2,4,4,0.0,0.0,"PRESS B
SET MAIN 0.5003937007874015 0.1854330708661417
Empty Input",,
58,42.0,23.450098,-42.0,23.450098,False,True,Action.DOWN_B_STUN,Action.DOWN_B_STUN,3,1,1,1,4,4,0.0,0.0,Empty InputEmpty Input,,
59,42.0,23.450098,-42.0,23.450098,False,True,Action.DOWN_B_AIR,Action.DOWN_B_STUN,1,2,1,1,4,4,0.0,0.0,Empty InputEmpty Input,,
60,42.0,23.450098,-42.0,23.450098,False,True,Action.DOWN_B_GROUND,Action.DOWN_B_STUN,2,3,2,1,4,4,0.0,0.0,"Empty InputPRESS Y
",,
61,42.0,23.450098,-42.0,23.450098,False,True,Action.KNEE_BEND,Action.DOWN_B_AIR,1,1,2,1,4,4,0.0,0.0,Empty InputEmpty Input,,
62,42.0,23.450098,-42.0,23.450098,False,True,Action.KNEE_BEND,Action.DOWN_B_GROUND,2,2,2,2,4,4,0.0,0.0,"PRESS Y
Empty Input",,
63,42.0,23.450098,-42.0,23.450098,False,True,Action.KNEE_BEND,Action.KNEE_BEND,3,1,2,2,4,4,0.0,0.0,"Empty InputPRESS B
SET MAIN 0.5003937007874015 0.1854330708661417
",,
64,42.0,23.450098,-42.0,23.450098,False,True,Action.DOWN_B_STUN,Action.KNEE_BEND,1,2,1,2,4,4,0.0,0.0,Empty InputEmpty Input,,
65,42.0,23.450098,-42.0,23.450098,False,True,Action.DOWN_B_STUN,Action.KNEE_BEND,2,3,1,2,4,4,0.0,0.0,"PRESS B
SET MAIN 0.5003937007874015 0.1854330708661417
Empty Input",,
66,42.0,23.450098,-42.0,23.450098,False,True,Action.DOWN_B_STUN,Action.DOWN_B_STUN,3,1,1,1,4,4,0.0,0.0,Empty InputEmpty Input,,
67,42.0,23.450098,-42.0,23.450098,False,True,Action.DOWN_B_AIR,Action.DOWN_B_STUN,1,2,1,1,4,4,0.0,0.0,Empty InputEmpty Input,,
68,42.0,23.450098,-42.0,23.450098,False,True,Action.DOWN_B_GROUND,Action.DOWN_B_STUN,2,3,2,1,4,4,0.0,0.0,"Empty InputPRESS Y
",,
69,42.0,23.450098,-42.0,23.450098,False,True,Action.KNEE_BEND,Action.DOWN_B_AIR,1,1,2,1,4,4,0.0,0.0,Empty InputEmpty Input,,
70,42.0,23.450098,-42.0,23.450098,False,True,Action.KNEE_BEND,Action.DOWN_B_GROUND,2,2,2,2,4,4,0.0,0.0,"PRESS Y
Empty Input",,
71,42.0,23.450098,-42.0,23.450098,False,True,Action.KNEE_BEND,Action.KNEE_BEND,3,1,2,2,4,4,0.0,0.0,"Empty InputPRESS B
SET MAIN 0.5003937007874015 0.1854330708661417
",,
72,42.0,23.450098,-42.0,23.450098,False,True,Action.DOWN_B_STUN,Action.KNEE_BEND,1,2,1,2,4,4,0.0,0.0,Empty InputEmpty Input,,
73,42.0,23.450098,-42.0,23.450098,False,True,Action.DOWN_B_STUN,Action.KNEE_BEND,2,3,1,2,4,4,0.0,0.0,"PRESS B
SET MAIN 0.5003937007874015 0.1854330708661417
Empty Input",,
74,42.0,23.450098,-42.0,23.450098,False,True,Action.DOWN_B_STUN,Action.DOWN_B_STUN,3,1,1,1,4,4,0.0,0.0,Empty InputEmpty Input,,
75,42.0,23.450098,-42.0,23.450098,False,True,Action.DOWN_B_AIR,Action.DOWN_B_STUN,1,2,1,1,4,4,0.0,0.0,Empty InputEmpty Input,,
76,42.0,23.450098,-42.0,23.450098,False,True,Action.DOWN_B_GROUND,Action.DOWN_B_STUN,2,3,2,1,4,4,0.0,0.0,"Empty InputPRESS Y
",,
77,42.0,23.450098,-42.0,23.450098,False,True,Action.KNEE_BEND,Action.DOWN_B_AIR,1,1,2,1,4,4,0.0,0.0,Empty InputEmpty Input,,
78,42.0,23.450098,-42.0,23.450098,False,True,Action.KNEE_BEND,Action.DOWN_B_GROUND,2,2,2,2,4,4,0.0,0.0,"PRESS Y
Empty Input",,
79,42.0,23.450098,-42.0,23.450098,False,True,Action.KNEE_BEND,Action.KNEE_BEND,3,1,2,2,4,4,0.0,0.0,"Empty InputPRESS B
SET MAIN 0.5003937007874015 0.1854330708661417
",,
80,42.0,23.450098,-42.0,23.450098,False,True,Action.DOWN_B_STUN,Action.KNEE_BEND,1,2,1,2,4,4,0.0,0.0,Empty InputEmpty Input,,
81,42.0,23.450098,-42.0,23.450098,False,True,Action.DOWN_B_STUN,Action.KNEE_BEND,2,3,1,2,4,4,0.0,0.0,"PRESS B
SET MAIN 0.5003937007874015 0.1854330708661417
Empty Input",,
82,42.0,23.450098,-42.0,23.450098,False,True,Action.DOWN_B_STUN,Action.DOWN_B_STUN,3,1,1,1,4,4,0.0,0.0,Empty InputEmpty Input,,
83,42.0,23.450098,-42.0,23.450098,False,True,Action.DOWN_B_AIR,Action.DOWN_B_STUN,1,2,1,1,4,4,0.0,0.0,Empty InputEmpty Input,,
84,42.0,23.450098,-42.0,23.450098,False,True,Action.DOWN_B_GROUND,Action.DOWN_B_STUN,2,3,2,1,4,4,0.0,0.0,"Empty InputPRESS Y
",,
85,42.0,23.450098,-42.0,23.450098,False,True,Action.KNEE_BEND,Action.DOWN_B_AIR,1,1,2,1,4,4,0.0,0.0,Empty InputEmpty Input,,
86,42.0,23.450098,-42.0,23.450098,False,True,Action.KNEE_BEND,Action.DOWN_B_GROUND,2,2,2,2,4,4,0.0,0.0,"PRESS Y
Empty Input",,
87,42.0,23.450098,-42.0,23.450098,False,True,Action.KNEE_BEND,Action.KNEE_BEND,3,1,2,2,4,4,0.0,0.0,"Empty InputPRESS B
SET MAIN 0.5003937007874015 0.1854330708661417
",,
88,42.0,23.450098,-42.0,23.450098,False,True,Action.DOWN_B_STUN,Action.KNEE_BEND,1,2,1,2,4,4,0.0,0.0,Empty InputEmpty Input,,
89,42.0,23.450098,-42.0,23.450098,False,True,Action.DOWN_B_STUN,Action.KNEE_BEND,2,3,1,2,4,4,0.0,0.0,"PRESS B
SET MAIN 0.5003937007874015 0.1854330708661417
Empty Input",,
90,42.0,23.450098,-42.0,23.450098,False,True,Action.DOWN_B_STUN,Action.DOWN_B_STUN,3,1,1,1,4,4,0.0,0.0,Empty InputEmpty Input,,
91,42.0,23.450098,-42.0,23.450098,False,True,Action.DOWN_B_AIR,Action.DOWN_B_STUN,1,2,1,1,4,4,0.0,0.0,Empty InputEmpty Input,,
92,42.0,23.450098,-42.0,23.450098,False,True,Action.DOWN_B_GROUND,Action.DOWN_B_STUN,2,3,2,1,4,4,0.0,0.0,"Empty InputPRESS Y
",,
93,42.0,23.450098,-42.0,23.450098,False,True,Action.KNEE_BEND,Action.DOWN_B_AIR,1,1,2,1,4,4,0.0,0.0,Empty InputEmpty Input,,
94,42.0,23.450098,-42.0,23.450098,False,True,Action.KNEE_BEND,Action.DOWN_B_GROUND,2,2,2,2,4,4,0.0,0.0,"PRESS Y
Empty Input",,
95,42.0,23.450098,-42.0,23.450098,False,True,Action.KNEE_BEND,Action.KNEE_BEND,3,1,2,2,4,4,0.0,0.0,"Empty InputPRESS B
SET MAIN 0.5003937007874015 0.1854330708661417
",,
96,42.0,23.450098,-42.0,23.450098,False,True,Action.DOWN_B_STUN,Action.KNEE_BEND,1,2,1,2,4,4,0.0,0.0,Empty InputEmpty Input,,
97,42.0,23.450098,-42.0,23.450098,False,True,Action.DOWN_B_STUN,Action.KNEE_BEND,2,3,1,2,4,4,0.0,0.0,"PRESS B
SET MAIN 0.5003937007874015 0.1854330708661417
Empty Input",,
98,42.0,23.450098,-42.0,23.450098,False,True,Action.DOWN_B_STUN,Action.DOWN_B_STUN,3,1,1,1,4,4,0.0,0.0,Empty InputEmpty Input,,
99,42.0,23.450098,-42.0,23.450098,False,True,Action.DOWN_B_AIR,Action.DOWN_B_STUN,1,2,1,1,4,4,0.0,0.0,Empty InputEmpty Input,,
100,42.0,23.450098,-42.0,23.450098,False,True,Action.DOWN_B_GROUND,Action.DOWN_B_STUN,2,3,2,1,4,4,0.0,0.0,"Empty InputPRESS Y
",,
101,42.0,23.450098,-42.0,23.450098,False,True,Action.KNEE_BEND,Action.DOWN_B_AIR,1,1,2,1,4,4,0.0,0.0,Empty InputEmpty Input,,
102,42.0,23.450098,-42.0,23.450098,False,True,Action.KNEE_BEND,Action.DOWN_B_GROUND,2,2,2,2,4,4,0.0,0.0,"PRESS Y
Empty Input",,
103,42.0,23.450098,-42.0,23.450098,False,True,Action.KNEE_BEND,Action.KNEE_BEND,3,1,2,2,4,4,0.0,0.0,"Empty InputPRESS B
SET MAIN 0.5003937007874015 0.1854330708661417
",,
104,42.0,23.450098,-42.0,23.450098,False,True,Action.DOWN_B_STUN,Action.KNEE_BEND,1,2,1,2,4,4,0.0,0.0,Empty InputEmpty Input,,
105,42.0,23.450098,-42.0,23.450098,False,True,Action.DOWN_B_STUN,Action.KNEE_BEND,2,3,1,2,4,4,0.0,0.0,"PRESS B
SET MAIN 0.5003937007874015 0.1854330708661417
Empty Input",,
106,42.0,23.450098,-42.0,23.450098,False,True,Action.DOWN_B_STUN,Action.DOWN_B_STUN,3,1,1,1,4,4,0.0,0.0,Empty InputEmpty Input,,
107,42.0,23.450098,-42.0,23.450098,False,True,Action.DOWN_B_AIR,Action.DOWN_B_STUN,1,2,1,1,4,4,0.0,0.0,Empty InputEmpty Input,,
108,42.0,23.450098,-42.0,23.450098,False,True,Action.DOWN_B_GROUND,Action.DOWN_B_STUN,2,3,2,1,4,4,0.0,0.0,"Empty InputPRESS Y
",,
109,42.0,23.450098,-42.0,23.450098,False,True,Action.KNEE_BEND,Action.DOWN_B_AIR,1,1,2,1,4,4,0.0,0.0,Empty InputEmpty Input,,
110,42.0,23.450098,-42.0,23.450098,False,True,Action.KNEE_BEND,Action.DOWN_B_GROUND,2,2,2,2,4,4,0.0,0.0,"PRESS Y
Empty Input",,
111,42.0,23.450098,-42.0,23.450098,False,True,Action.KNEE_BEND,Action.KNEE_BEND,3,1,2,2,4,4,0.0,0.0,"Empty InputPRESS B
SET MAIN 0.5003937007874015 0.1854330708661417
",,
112,42.0,23.450098,-42.0,23.450098,False,True,Action.DOWN_B_STUN,Action.KNEE_BEND,1,2,1,2,4,4,0.0,0.0,Empty InputEmpty Input,,
113,42.0,23.450098,-42.0,23.450098,False,True,Action.DOWN_B_STUN,Action.KNEE_BEND,2,3,1,2,4,4,0.0,0.0,"PRESS B
SET MAIN 0.5003937007874015 0.1854330708661417
Empty Input",,
114,42.0,23.450098,-42.0,23.450098,False,True,Action.DOWN_B_STUN,Action.DOWN_B_STUN,3,1,1,1,4,4,0.0,0.0,Empty InputEmpty Input,,
115,42.0,23.450098,-42.0,23.450098,False,True,Action.DOWN_B_AIR,Action.DOWN_B_STUN,1,2,1,1,4,4,0.0,0.0,Empty InputEmpty Input,,
116,42.0,23.450098,-42.0,23.450098,False,True,Action.DOWN_B_GROUND,Action.DOWN_B_STUN,2,3,2,1,4,4,0.0,0.0,"Empty InputPRESS Y
",,
117,42.0,23.450098,-42.0,23.450098,False,True,Action.KNEE_BEND,Action.DOWN_B_AIR,1,1,2,1,4,4,0.0,0.0,Empty InputEmpty Input,,
118,42.0,23.450098,-42.0,23.450098,False,True,Action.KNEE_BEND,Action.DOWN_B_GROUND,2,2,2,2,4,4,0.0,0.0,"PRESS Y
Empty Input",,
119,42.0,23.450098,-42.0,23.450098,False,True,Action.KNEE_BEND,Action.KNEE_BEND,3,1,2,2,4,4,0.0,0.0,"Empty InputPRESS B
SET MAIN 0.5003937007874015 0.1854330708661417
",,
120,42.0,23.450098,-42.0,23.450098,False,True,Action.DOWN_B_STUN,Action.KNEE_BEND,1,2,1,2,4,4,0.0,0.0,Empty InputEmpty Input,,
121,42.0,23.450098,-42.0,23.450098,False,True,Action.DOWN_B_STUN,Action.KNEE_BEND,2,3,1,2,4,4,0.0,0.0,"PRESS B
SET MAIN 0.5003937007874015 0.1854330708661417
Empty Input",,
122,42.0,23.450098,-42.0,23.450098,False,True,Action.DOWN_B_STUN,Action.DOWN_B_STUN,3,1,1,1,4,4,0.0,0.0,Empty InputEmpty Input,,
123,42.0,23.450098,-42.0,23.450098,False,True,Action.DOWN_B_AIR,Action.DOWN_B_STUN,1,2,1,1,4,4,0.0,0.0,Empty InputEmpty Input,,
124,42.0,23.450098,-42.0,23.450098,False,True,Action.DOWN_B_GROUND,Action.DOWN_B_STUN,2,3,2,1,4,4,0.0,0.0,"Empty InputPRESS Y
",,
125,42.0,23.450098,-42.0,23.450098,False,True,Action.KNEE_BEND,Action.DOWN_B_AIR,1,1,2,1,4,4,0.0,0.0,Empty InputEmpty Input,,
126,42.0,23.450098,-42.0,23.450098,False,True,Action.KNEE_BEND,Action.DOWN_B_GROUND,2,2,2,2,4,4,0.0,0.0,"PRESS Y
Empty Input",,
127,42.0,23.450098,-42.0,23.450098,False,True,Action.KNEE_BEND,Action.KNEE_BEND,3,1,2,2,4,4,0.0,0.0,"Empty InputPRESS B
SET MAIN 0.5003937007874015 0.1854330708661417
",,
128,42.0,23.450098,-42.0,23.450098,False,True,Action.DOWN_B_STUN,Action.KNEE_BEND,1,2,1,2,4,4,0.0,0.0,Empty InputEmpty Input,,
129,42.0,23.450098,-42.0,23.450098,False,True,Action.DOWN_B_STUN,Action.KNEE_BEND,2,3,1,2,4,4,0.0,0.0,"PRESS B
SET MAIN 0.5003937007874015 0.1854330708661417
Empty Input",,
130,42.0,23.450098,-42.0,23.450098,False,True,Action.DOWN_B_STUN,Action.DOWN_B_STUN,3,1,1,1,4,4,0.0,0.0,Empty InputEmpty Input,,
131,42.0,23.450098,-42.0,23.450098,False,True,Action.DOWN_B_AIR,Action.DOWN_B_STUN,1,2,1,1,4,4,0.0,0.0,Empty InputEmpty Input,,
132,42.0,23.450098,-42.0,23.450098,False,True,Action.DOWN_B_GROUND,Action.DOWN_B_STUN,2,3,2,1,4,4,0.0,0.0,"Empty InputPRESS Y
",,
133,42.0,23.450098,-42.0,23.450098,False,True,Action.KNEE_BEND,Action.DOWN_B_AIR,1,1,2,1,4,4,0.0,0.0,Empty InputEmpty Input,,
134,42.0,23.450098,-42.0,23.450098,False,True,Action.KNEE_BEND,Action.DOWN_B_GROUND,2,2,2,2,4,4,0.0,0.0,"PRESS Y
Empty Input",,
135,42.0,23.450098,-42.0,23.450098,False,True,Action.KNEE_BEND,Action.KNEE_BEND,3,1,2,2,4,4,0.0,0.0,"Empty InputPRESS B
SET MAIN 0.5003937007874015 0.1854330708661417
",,
136,42.0,23.450098,-42.0,23.450098,False,True,Action.DOWN_B_STUN,Action.KNEE_BEND,1,2,1,2,4,4,0.0,0.0,Empty InputEmpty Input,,
137,42.0,23.450098,-42.0,23.450098,False,True,Action.DOWN_B_STUN,Action.KNEE_BEND,2,3,1,2,4,4,0.0,0.0,"PRESS B
SET MAIN 0.5003937007874015 0.1854330708661417
Empty Input",,
138,42.0,23.450098,-42.0,23.450098,False,True,Action.DOWN_B_STUN,Action.DOWN_B_STUN,3,1,1,1,4,4,0.0,0.0,Empty InputEmpty Input,,
139,42.0,23.450098,-42.0,23.450098,False,True,Action.DOWN_B_AIR,Action.DOWN_B_STUN,1,2,1,1,4,4,0.0,0.0,Empty InputEmpty Input,,
140,42.0,23.450098,-42.0,23.450098,False,True,Action.DOWN_B_GROUND,Action.DOWN_B_STUN,2,3,2,1,4,4,0.0,0.0,"Empty InputPRESS Y
",,
141,42.0,23.450098,-42.0,23.450098,False,True,Action.KNEE_BEND,Action.DOWN_B_AIR,1,1,2,1,4,4,0.0,0.0,Empty InputEmpty Input,,
142,42.0,23.450098,-42.0,23.450098,False,True,Action.KNEE_BEND,Action.DOWN_B_GROUND,2,2,2,2,4,4,0.0,0.0,"PRESS Y
Empty Input",,
143,42.0,23.450098,-42.0,23.450098,False,True,Action.KNEE_BEND,Action.KNEE_BEND,3,1,2,2,4,4,0.0,0.0,"Empty InputPRESS B
SET MAIN 0.5003937007874015 0.1854330708661417
",,
144,42.0,23.450098,-42.0,23.450098,False,True,Action.DOWN_B_STUN,Action.KNEE_BEND,1,2,1,2,4,4,0.0,0.0,Empty InputEmpty Input,,
145,42.0,23.450098,-42.0,23.450098,False,True,Action.DOWN_B_STUN,Action.KNEE_BEND,2,3,1,2,4,4,0.0,0.0,"PRESS B
SET MAIN 0.5003937007874015 0.1854330708661417
Empty Input",,
146,42.0,23.450098,-42.0,23.450098,False,True,Action.DOWN_B_STUN,Action.DOWN_B_STUN,3,1,1,1,4,4,0.0,0.0,Empty InputEmpty Input,,
147,42.0,23.450098,-42.0,23.450098,False,True,Action.DOWN_B_AIR,Action.DOWN_B_STUN,1,2,1,1,4,4,0.0,0.0,Empty InputEmpty Input,,
148,42.0,23.450098,-42.0,23.450098,False,True,Action.DOWN_B_GROUND,Action.DOWN_B_STUN,2,3,2,1,4,4,0.0,0.0,"Empty InputPRESS Y
",,
149,42.0,23.450098,-42.0,23.450098,False,True,Action.KNEE_BEND,Action.DOWN_B_AIR,1,1,2,1,4,4,0.0,0.0,Empty InputEmpty Input,,
150,42.0,23.450098,-42.0,23.450098,False,True,Action.KNEE_BEND,Action.DOWN_B_GROUND,2,2,2,2,4,4,0.0,0.0,"PRESS Y
Empty Input",,
151,42.0,23.450098,-42.0,23.450098,False,True,Action.KNEE_BEND,Action.KNEE_BEND,3,1,2,2,4,4,0.0,0.0,"Empty InputPRESS B
SET MAIN 0.5003937007874015 0.1854330708661417
",,
152,42.0,23.450098,-42.0,23.450098,False,True,Action.DOWN_B_STUN,Action.KNEE_BEND,1,2,1,2,4,4,0.0,0.0,Empty InputEmpty Input,,
153,42.0,23.450098,-42.0,23.450098,False,True,Action.DOWN_B_STUN,Action.KNEE_BEND,2,3,1,2,4,4,0.0,0.0,"PRESS B
SET MAIN 0.5003937007874015 0.1854330708661417
Empty Input",,
154,42.0,23.450098,-42.0,23.450098,False,True,Action.DOWN_B_STUN,Action.DOWN_B_STUN,3,1,1,1,4,4,0.0,0.0,Empty InputEmpty Input,,
155,42.0,23.450098,-42.0,23.450098,False,True,Action.DOWN_B_AIR,Action.DOWN_B_STUN,1,2,1,1,4,4,0.0,0.0,Empty InputEmpty Input,,
156,42.0,23.450098,-42.0,23.450098,False,True,Action.DOWN_B_GROUND,Action.DOWN_B_STUN,2,3,2,1,4,4,0.0,0.0,"Empty InputPRESS Y
",,
157,42.0,23.450098,-42.0,23.450098,False,True,Action.KNEE_BEND,Action.DOWN_B_AIR,1,1,2,1,4,4,0.0,0.0,Empty InputEmpty Input,,
158,42.0,23.450098,-42.0,23.450098,False,True,Action.KNEE_BEND,Action.DOWN_B_GROUND,2,2,2,2,4,4,0.0,0.0,"PRESS Y
Empty Input",,
159,42.0,23.450098,-42.0,23.450098,False,True,Action.KNEE_BEND,Action.KNEE_BEND,3,1,2,2,4,4,0.0,0.0,"Empty InputPRESS B
SET MAIN 0.5003937007874015 0.1854330708661417
",,
160,42.0,23.450098,-42.0,23.450098,False,True,Action.DOWN_B_STUN,Action.KNEE_BEND,1,2,1,2,4,4,0.0,0.0,Empty InputEmpty Input,,
161,42.0,23.450098,-42.0,23.450098,False,True,Action.DOWN_B_STUN,Action.KNEE_BEND,2,3,1,2,4,4,0.0,0.0,"PRESS B
SET MAIN 0.5003937007874015 0.1854330708661417
Empty Input",,
162,42.0,23.450098,-42.0,23.450098,False,True,Action.DOWN_B_STUN,Action.DOWN_B_STUN,3,1,1,1,4,4,0.0,0.0,Empty InputEmpty Input,,
163,42.0,23.450098,-42.0,23.450098,False,True,Action.DOWN_B_AIR,Action.DOWN_B_STUN,1,2,1,1,4,4,0.0,0.0,Empty InputEmpty Input,,
164,42.0,23.450098,-42.0,23.450098,False,True,Action.DOWN_B_GROUND,Action.DOWN_B_STUN,2,3,2,1,4,4,0.0,0.0,"Empty InputPRESS Y
",,
165,42.0,23.450098,-42.0,23.450098,False,True,Action.KNEE_BEND,Action.DOWN_B_AIR,1,1,2,1,4,4,0.0,0.0,Empty InputEmpty Input,,
166,42.0,23.450098,-42.0,23.450098,False,True,Action.KNEE_BEND,Action.DOWN_B_GROUND,2,2,2,2,4,4,0.0,0.0,"PRESS Y
Empty Input",,
167,42.0,23.450098,-42.0,23.450098,False,True,Action.KNEE_BEND,Action.KNEE_BEND,3,1,2,2,4,4,0.0,0.0,"Empty InputPRESS B
SET MAIN 0.5003937007874015 0.1854330708661417
",,
168,42.0,23.450098,-42.0,23.450098,False,True,Action.DOWN_B_STUN,Action.KNEE_BEND,1,2,1,2,4,4,0.0,0.0,Empty InputEmpty Input,,
169,42.0,23.450098,-42.0,23.450098,False,True,Action.DOWN_B_STUN,Action.KNEE_BEND,2,3,1,2,4,4,0.0,0.0,"PRESS B
SET MAIN 0.5003937007874015 0.1854330708661417
Empty Input",,
170,42.0,23.450098,-42.0,23.450098,False,True,Action.DOWN_B_STUN,Action.DOWN_B_STUN,3,1,1,1,4,4,0.0,0.0,Empty InputEmpty Input,,
171,42.0,23.450098,-42.0,23.450098,False,True,Action.DOWN_B_AIR,Action.DOWN_B_STUN,1,2,1,1,4,4,0.0,0.0,Empty InputEmpty Input,,
172,42.0,23.450098,-42.0,23.450098,False,True,Action.DOWN_B_GROUND,Action.DOWN_B_STUN,2,3,2,1,4,4,0.0,0.0,"Empty InputPRESS Y
",,
173,42.0,23.450098,-42.0,23.450098,False,True,Action.KNEE_BEND,Action.DOWN_B_AIR,1,1,2,1,4,4,0.0,0.0,Empty InputEmpty Input,,
174,42.0,23.450098,-42.0,23.450098,False,True,Action.KNEE_BEND,Action.DOWN_B_GROUND,2,2,2,2,4,4,0.0,0.0,"PRESS Y
Empty Input",,
175,42.0,23.450098,-42.0,23.450098,False,True,Action.KNEE_BEND,Action.KNEE_BEND,3,1,2,2,4,4,0.0,0.0,"Empty InputPRESS B
SET MAIN 0.5003937007874015 0.1854330708661417
",,
176,42.0,23.450098,-42.0,23.450098,False,True,Action.DOWN_B_STUN,Action.KNEE_BEND,1,2,1,2,4,4,0.0,0.0,Empty InputEmpty Input,,
177,42.0,23.450098,-42.0,23.450098,False,True,Action.DOWN_B_STUN,Action.KNEE_BEND,2,3,1,2,4,4,0.0,0.0,"PRESS B
SET MAIN 0.5003937007874015 0.1854330708661417
Empty Input",,
178,42.0,23.450098,-42.0,23.450098,False,True,Action.DOWN_B_STUN,Action.DOWN_B_STUN,3,1,1,1,4,4,0.0,0.0,Empty InputEmpty Input,,
179,42.0,23.450098,-42.0,23.450098,False,True,Action.DOWN_B_AIR,Action.DOWN_B_STUN,1,2,1,1,4,4,0.0,0.0,Empty InputEmpty Input,,
